#{"t_start": 1677054274.7681472, "env_id": "AntBulletEnv-v0"}
r,l,t
406.187541,1000,9.749766
