#{"t_start": 1670844487.4710882, "env_id": "AntBulletEnv-v0"}
r,l,t
469.241937,1000,10.315608
