#{"t_start": 1677066256.843496, "env_id": "AntBulletEnv-v0"}
r,l,t
471.270422,1000,9.942179
251.38536,501,13.016474
59.042563,126,13.832144
63.012661,143,14.820234
